id,Name,titleProject_id,class,score,login
0,Сербин Геннадий Михаилович,7,8в,2,Сербин_ГМ,syAlP1Me
1,Папандина Клавдия Яковлевна,304,9в,5,Папандина_КЯ,o64mM6Xd
2,Белагина Галина Андреевна,396,9а,4,Белагина_ГА,vz6EnOBt
3,Кижняева Анна Леонидовна,178,7и,2,Кижняева_АЛ,E1bbCP2r
4,Цывин Олег Яковлевич,446,7т,2,Цывин_ОЯ,FN07ubtk
5,Жидняева Ксения Эдуардовна,373,7х,4,Жидняева_КЭ,0CbjIjgr
6,Липковский Анатолий Иванович,144,10а,2,Липковский_АИ,TyWAYG1c
7,Меднова Наталья Богдановна,290,7и,5,Меднова_НБ,3REHtbXj
8,Житихин Вячеслав Романович,141,9а,5,Житихин_ВР,34suz4fL
9,Шеврина Полина Максимовна,33,11а,5,Шеврина_ПМ,50JH0ukl
10,Алпеев Валентин Данилович,323,8а,2,Алпеев_ВД,aJ4UJMEq
11,Золикова Клара Игоревна,364,10х,2,Золикова_КИ,tRp2fcO6
12,Дориков Дмитрий Петрович,296,10г,5,Дориков_ДП,LCe2qEMl
13,Корабышев Кирилл Михаилович,302,8и,5,Корабышев_КМ,Kw82bJYW
14,Ростовиков Константин Николаевич,336,10а,2,Ростовиков_КН,wUr6KoJg
15,Нехаев Дмитрий Фёдорович,129,7х,4,Нехаев_ДФ,IAw1nPse
16,Зызлова Мария Николаевна,430,8г,3,Зызлова_МН,Xa7OTqT7
17,Королупов Валерий Тимофеевич,397,10д,5,Королупов_ВТ,go6WFka8
18,Стенцов Евгений Яковлевич,315,8и,4,Стенцов_ЕЯ,iNLSg3Sa
19,Феклисов Константин Виталиевич,270,9т,None,Феклисов_КВ,YR2CK0v2
20,Синелев Руслан Тимофеевич,300,8и,2,Синелев_РТ,iVL1ogGc
21,Опевалова Вера Евгеньевна,473,9д,5,Опевалова_ВЕ,Mzl0sHVp
22,Назерова Вероника Василевна,206,7б,5,Назерова_ВВ,4fiWpD1E
23,Дименская Светлана Дмитриевна,387,9д,5,Дименская_СД,lHEa4QFV
24,Ковторева Раиса Василевна,482,9и,2,Ковторева_РВ,uNy3zCg5
25,Кулишнин Вячеслав Яковлевич,386,11х,5,Кулишнин_ВЯ,MfwhGb0k
26,Лексин Кирилл Антонович,139,7в,5,Лексин_КА,1tGYjcy8
27,Лаковский Григорий Василиевич,240,7д,5,Лаковский_ГВ,GsU8kaPL
28,Барамыкова Александра Алексеевна,106,10а,3,Барамыкова_АА,cc985MiM
29,Плясулина Оксана Андреевна,346,8х,2,Плясулина_ОА,Dh4cEHri
30,Петрикеев Станислав Яковлевич,14,7и,4,Петрикеев_СЯ,G57E5fh0
31,Моторыгин Илья Георгиевич,238,10и,5,Моторыгин_ИГ,uuR9VbdY
32,Рыков Тарас Павлович,174,10и,5,Рыков_ТП,6aSPu5XH
33,Иончикова Елизавета Егоровна,169,8д,5,Иончикова_ЕЕ,IJ0Qtl7L
34,Смолькина Алиса Егоровна,441,7г,5,Смолькина_АЕ,n0tPGDGP
35,Оболенин Герасим Павлович,472,7и,4,Оболенин_ГП,1TqW4ads
36,Трощинский Георгий Борисович,67,9д,3,Трощинский_ГБ,kbDkQ0jt
37,Поддубская Лиза Игоревна,496,10а,4,Поддубская_ЛИ,RRGuq1Yq
38,Телькова Валерия Олеговна,335,7х,4,Телькова_ВО,fYl1D6HE
39,Чигварина Александра Алексеевна,428,10б,2,Чигварина_АА,Ic4CDb6i
40,Киреевский Артур Игоревич,119,7в,3,Киреевский_АИ,mfM8CbW7
41,Шумейкин Роман Павлович,420,8в,5,Шумейкин_РП,C98an8x7
42,Трушинов Максим Алексиевич,82,8и,4,Трушинов_МА,A45eiC22
43,Голюков Денис Сергеевич,62,11б,4,Голюков_ДС,XBS4jOLP
44,Хлиманкова Надежда Валерьевна,461,10б,3,Хлиманкова_НВ,7qD8kTBL
45,Кулаженков Алексей Олегович,367,10в,2,Кулаженков_АО,B0qUr7oz
46,Бутукин Владимир Адамович,221,7х,5,Бутукин_ВА,RArBxFa8
47,Поддуев Леонид Олегович,149,9х,4,Поддуев_ЛО,MHg9MhCb
48,Ревцев Василий Павлович,360,9х,5,Ревцев_ВП,Modkm1Bd
49,Старокожев Артём Юрьевич,46,8д,3,Старокожев_АЮ,OlE6ICvU
50,Светошев Максим Михаилович,321,10х,2,Светошев_ММ,4zShdWiC
51,Старынина Кристина Федоровна,266,9д,3,Старынина_КФ,YD4WBhTt
52,Востров Дмитрий Денисович,282,9г,3,Востров_ДД,f2OH5SWc
53,Бураханова Анастасия Леонидовна,16,8г,2,Бураханова_АЛ,6AqR3lft
54,Понизов Виктор Кириллович,214,11и,5,Понизов_ВК,GkKFW43B
55,Суздалев Валерий Алексеевич,66,11т,5,Суздалев_ВА,PJtUn6XG
56,Колендин Дмитрий Алексеевич,153,10в,4,Колендин_ДА,VfqKCq6o
57,Сулькова Екатерина Андреевна,325,8и,4,Сулькова_ЕА,e5NKolEl
58,Аржевитова Надежда Федоровна,242,10в,2,Аржевитова_НФ,tWReGT6o
59,Крассов Валерий Олегович,201,8х,5,Крассов_ВО,PBIE6QVh
60,Сонураева Инна Андреевна,450,9т,3,Сонураева_ИА,332o6nYP
61,Пашин Роман Вадимович,204,10д,2,Пашин_РВ,nQIi4R69
62,Фичкина Евгения Федоровна,29,11д,3,Фичкина_ЕФ,qVaVE4YY
63,Свилин Олег Виталиевич,123,8в,2,Свилин_ОВ,HEHeB53J
64,Рогоцкий Андрей Адамович,142,9в,2,Рогоцкий_АА,h5epBjwk
65,Ахантьев Игорь Валериевич,80,10д,5,Ахантьев_ИВ,X41xVyg7
66,Сочиникова Ксения Кирилловна,100,10д,2,Сочиникова_КК,0vcm05TS
67,Остюков Артур Романович,329,11и,3,Остюков_АР,SKciBsL7
68,Брюкина Оксана Викторовна,98,8в,5,Брюкина_ОВ,3TeS6bO6
69,Кузовенков Игорь Юрьевич,322,9г,None,Кузовенков_ИЮ,HGqyup7y
70,Калухов Тарас Иванович,207,11а,3,Калухов_ТИ,72tmXvWC
71,Батыров Пётр Виталиевич,227,7и,3,Батыров_ПВ,3Jk373Li
72,Озрина Катерина Валерьевна,147,10а,4,Озрина_КВ,NbuNsa8H
73,Декалова Полина Леонидовна,470,11д,5,Декалова_ПЛ,Eqd6BsYU
74,Лосицкий Владимир Кириллович,369,9т,5,Лосицкий_ВК,Fo4xL4Gj
75,Магнусов Пётр Максимович,437,7и,5,Магнусов_ПМ,U0cNEEUj
76,Лавренков Михаил Василиевич,188,9б,2,Лавренков_МВ,32uBJbW6
77,Шушкалова Вероника Алексеевна,411,8т,5,Шушкалова_ВА,5r6dDa9S
78,Бороданова Маргарита Дмитриевна,118,7г,5,Бороданова_МД,1WWI4fPw
79,Циркина Виолетта Федоровна,231,9г,2,Циркина_ВФ,VIU0Rnmi
80,Болохина Екатерина Андреевна,194,11д,3,Болохина_ЕА,Ec8mwSSv
81,Чукалова Дарья Валерьевна,20,10г,4,Чукалова_ДВ,1A0Bgn27
82,Беловолов Степан Петрович,222,9д,2,Беловолов_СП,NF2z88Ni
83,Зудейкина Вероника Ивановна,166,8и,3,Зудейкина_ВИ,1oq8YN5U
84,Макунова Мария Борисовна,47,9в,5,Макунова_МБ,GtPU4AGh
85,Верзанский Геннадий Андреевич,497,7д,5,Верзанский_ГА,sRzOmRP8
86,Алтубин Ярослав Леонидович,414,10г,5,Алтубин_ЯЛ,VEHCy7uv
87,Аузин Игорь Алексиевич,435,8х,5,Аузин_ИА,cak8cLtA
88,Калыгин Степан Тимофеевич,353,8и,2,Калыгин_СТ,xQOjeW3W
89,Дурныгина Полина Игоревна,72,8и,2,Дурныгина_ПИ,bAs9RAog
90,Антюфеева Александра Вадимовна,347,8и,2,Антюфеева_АВ,ge0BxItS
91,Лощинский Борис Романович,210,10б,3,Лощинский_БР,cgOx8AMC
92,Ходорков Евгений Виталиевич,344,9г,5,Ходорков_ЕВ,D9irI7PH
93,Кафорин Федор Данилович,427,10д,3,Кафорин_ФД,juheWI0w
94,Косынская Алиса Дмитриевна,40,9в,3,Косынская_АД,nmQEiO3O
95,Беремцев Артём Антонович,434,11т,2,Беремцев_АА,UeU7FrYN
96,Влянская Мария Андреевна,490,7т,4,Влянская_МА,oJP6Sb6G
97,Мыгеева Лиза Василевна,280,8в,5,Мыгеева_ЛВ,2HFk3XYL
98,Акутникова Мария Алексеевна,173,11в,2,Акутникова_МА,JaPKdTo2
99,Карябкин Константин Максимович,89,7и,2,Карябкин_КМ,e2fyPDFf
100,Прилепина Яна Максимовна,30,10в,5,Прилепина_ЯМ,W3CerQr8
101,Ведищев Никита Георгиевич,365,7и,5,Ведищев_НГ,T1bOtn5b
102,Самчева Вероника Борисовна,287,10г,3,Самчева_ВБ,QkuqgE4y
103,Пирцхалова Карина Леонидовна,452,10г,5,Пирцхалова_КЛ,u7PQC2ve
104,Павлочев Денис Борисович,432,11д,5,Павлочев_ДБ,tLu7vRAs
105,Арашкова Екатерина Евгеньевна,356,8х,None,Арашкова_ЕЕ,3kkwcOEd
106,Байсарова Людмила Василевна,215,11и,2,Байсарова_ЛВ,8Q6ffGjm
107,Кудекина Зинаида Игоревна,250,10и,3,Кудекина_ЗИ,aLA8eyAL
108,Дерналов Виталий Викторович,1,9г,4,Дерналов_ВВ,W5I0Qg0h
109,Сазинова Галина Романовна,61,9и,3,Сазинова_ГР,Fm9jMg07
110,Остаченова Марина Эдуардовна,229,9т,5,Остаченова_МЭ,j38qkHP3
111,Битюкова Яна Егоровна,488,9и,4,Битюкова_ЯЕ,j2Qx5G4U
112,Иваницкий Константин Борисович,232,8д,5,Иваницкий_КБ,j4oSudfI
113,Белянский Владислав Игоревич,74,11б,5,Белянский_ВИ,e10maTv7
114,Баранкин Артём Алексеевич,382,9т,2,Баранкин_АА,NM9KqH34
115,Шкабанова Софья Вадимовна,499,9х,4,Шкабанова_СВ,ODYe0LHO
116,Полозлов Денис Адамович,155,8т,3,Полозлов_ДА,iQbHy8Ln
117,Жунина Светлана Михайловна,162,8в,3,Жунина_СМ,KcWyo1mB
118,Пантыкин Борис Игоревич,245,9х,2,Пантыкин_БИ,eDPn7YjX
119,Доутова Марина Богдановна,189,11х,2,Доутова_МБ,O8MmcXEG
120,Трещалова Яна Андреевна,330,8б,3,Трещалова_ЯА,RAJDj666
121,Ивашечкин Александр Данилович,390,10т,4,Ивашечкин_АД,4d74mTe9
122,Мазьянова Инна Богдановна,416,11в,4,Мазьянова_ИБ,MlC8xMIX
123,Корогев Николай Евгеньевич,184,8б,5,Корогев_НЕ,O7HqyLfT
124,Заидова Галина Максимовна,88,9т,4,Заидова_ГМ,DH7Q2civ
125,Рамхин Кирилл Алексиевич,459,9х,4,Рамхин_КА,U2Tr4897
126,Кизбабаев Эдуард Фёдорович,415,11т,2,Кизбабаев_ЭФ,GSyesR33
127,Соурчаков Ярослав Валериевич,268,8б,2,Соурчаков_ЯВ,XriX4tc2
128,Мотяшева Алена Михайловна,404,7т,2,Мотяшева_АМ,6Swr2LDV
129,Горшкова Наталия Яковлевна,340,11а,2,Горшкова_НЯ,a37LmGkD
130,Зябрицкий Игорь Виталиевич,332,7а,5,Зябрицкий_ИВ,BH2gmHM1
131,Шельдяев Игорь Юриевич,97,7д,5,Шельдяев_ИЮ,bnpp8hUS
132,Шмелькин Максим Викторович,483,9т,5,Шмелькин_МВ,pQ35exWT
133,Жалкин Алексей Алексеевич,43,7а,3,Жалкин_АА,tJGnf4Fp
134,Худасов Денис Максимович,70,10д,2,Худасов_ДМ,35Vfhz2o
135,Швичкова Наталья Эдуардовна,398,7г,4,Швичкова_НЭ,Xb141mOW
136,Едская Жанна Валерьевна,436,11в,4,Едская_ЖВ,7tW8DLCc
137,Поморзина Полина Евгеньевна,122,7д,4,Поморзина_ПЕ,L4S7XxtR
138,Будачева Кира Олеговна,55,11х,4,Будачева_КО,5XY3CVIx
139,Молкаев Василий Валериевич,216,8д,2,Молкаев_ВВ,8iULilcO
140,Яцынин Константин Тимофеевич,285,7г,2,Яцынин_КТ,F0JaCEOu
141,Маховиков Василий Петрович,391,7х,4,Маховиков_ВП,Gi6cmwcV
142,Шаметова Евгения Вадимовна,463,7а,2,Шаметова_ЕВ,Bt4U7NTQ
143,Законнова Жанна Евгеньевна,442,11и,None,Законнова_ЖЕ,gTF3FvpM
144,Перчихин Аркадий Тимофеевич,164,10т,3,Перчихин_АТ,oBLYo9AT
145,Бурдасова Ксения Игоревна,203,9а,3,Бурдасова_КИ,GtG10ky8
146,Киссин Степан Иванович,251,7х,5,Киссин_СИ,dlAg6KY9
147,Вапилина Мария Егоровна,77,7д,2,Вапилина_МЕ,w0cs2wP4
148,Сигутина Дарья Федоровна,458,7б,2,Сигутина_ДФ,yzW1XSeD
149,Сошьяков Альберт Фёдорович,17,7т,4,Сошьяков_АФ,2xq6iS0w
150,Лугахина Клара Вадимовна,419,8в,4,Лугахина_КВ,bPRm8A7x
151,Логецкий Анатолий Виталиевич,372,11б,4,Логецкий_АВ,hp12CVh7
152,Ковайкова Юлия Егоровна,75,10г,2,Ковайкова_ЮЕ,mfuV4HbX
153,Вермутский Валерий Петрович,447,9и,5,Вермутский_ВП,WAttlh7o
154,Россомахов Олег Юриевич,56,8в,2,Россомахов_ОЮ,WOTf53Rs
155,Циплакова Екатерина Егоровна,471,9б,5,Циплакова_ЕЕ,Rh7U167T
156,Квятцева Алла Никитична,138,11в,2,Квятцева_АН,3y8XsFuv
157,Выхухолева Лариса Василевна,384,8б,5,Выхухолева_ЛВ,1syK2aR3
158,Целохов Андрей Вадимович,433,8и,5,Целохов_АВ,4AT4WLGe
159,Бендин Иван Яковлевич,71,8и,4,Бендин_ИЯ,iePbeyS4
160,Лазученков Василий Алексеевич,381,7х,2,Лазученков_ВА,BQ0UWVGs
161,Скоропухов Михаил Василиевич,69,10и,3,Скоропухов_МВ,Psoa1u8p
162,Мухонкин Тарас Романович,126,9и,4,Мухонкин_ТР,Kek6GmWB
163,Камерцев Владимир Кириллович,303,7а,3,Камерцев_ВК,pHcS69Ou
164,Сандрыкина Анна Олеговна,324,10т,2,Сандрыкина_АО,YjCkso5C
165,Недбайлов Алексей Денисович,15,7т,2,Недбайлов_АД,VxrWU98n
166,Серпков Ярослав Георгиевич,380,10б,4,Серпков_ЯГ,Lh3uTPqO
167,Хатшуклов Аркадий Николаевич,42,11т,4,Хатшуклов_АН,CsdWMv5w
168,Литвалиева Алиса Егоровна,10,11и,3,Литвалиева_АЕ,UfF5XYth
169,Енесина Лиза Валерьевна,293,9б,5,Енесина_ЛВ,dC7pTe1F
170,Пикальков Эдуард Алексиевич,21,8д,5,Пикальков_ЭА,bmV4yFR1
171,Сачинский Валентин Кириллович,125,10т,2,Сачинский_ВК,2srktkMU
172,Тарзанова Евгения Аркадьевна,96,9д,2,Тарзанова_ЕА,HT8uOF9y
173,Лапундин Юрий Игоревич,267,8и,5,Лапундин_ЮИ,3XVi9Tly
174,Личева Лиза Михайловна,453,9б,3,Личева_ЛМ,Of0CdzM6
175,Смароверов Яков Борисович,131,11в,4,Смароверов_ЯБ,tdN7eg8x
176,Вереина Алла Василевна,295,10и,3,Вереина_АВ,qlVQ1WoK
177,Погиблева Дарья Леонидовна,283,9в,5,Погиблева_ДЛ,8iH9gbYH
178,Байнова Анастасия Вадимовна,363,7б,3,Байнова_АВ,QsYMHr9S
179,Шиловский Вячеслав Максимович,438,9и,4,Шиловский_ВМ,8UgtpL3Y
180,Сыждиков Пётр Василиевич,494,11х,5,Сыждиков_ПВ,TBvl30M0
181,Каценова Алёна Эдуардовна,165,11т,2,Каценова_АЭ,lHnjPlB3
182,Мужицких Ева Олеговна,348,8х,3,Мужицких_ЕО,cgVhSyz1
183,Плеснецов Степан Юрьевич,22,10а,2,Плеснецов_СЮ,2me3vFYp
184,Игумнова Алёна Сергеевна,114,9д,4,Игумнова_АС,9lG6CGnS
185,Хадаров Владимир Валериевич,278,11т,5,Хадаров_ВВ,Fxym6YhK
186,Ступакова Кира Ивановна,421,8и,3,Ступакова_КИ,hMh1MbFr
187,Шоленинов Федор Максимович,286,11т,4,Шоленинов_ФМ,l5rCbBOi
188,Гундаров Руслан Николаевич,158,9д,4,Гундаров_РН,VS5gOQYn
189,Гречишева Марина Андреевна,464,7д,2,Гречишева_МА,9iX9H6jg
190,Утилова Алена Андреевна,253,11д,3,Утилова_АА,X4fHqCcu
191,Роткичева Алиса Максимовна,410,10а,4,Роткичева_АМ,4PFUAzMG
192,Колтышева Марина Вадимовна,87,11г,4,Колтышева_МВ,79aTVwaQ
193,Гурычева Лариса Валерьевна,489,9б,2,Гурычева_ЛВ,VWycGP4h
194,Горцева Кристина Никитична,246,8и,4,Горцева_КН,fog5RD73
195,Кутурин Геннадий Денисович,197,9в,2,Кутурин_ГД,84fDaPl8
196,Стефанков Яков Евгеньевич,318,10г,3,Стефанков_ЯЕ,GHCvSP63
197,Множина Людмила Василевна,90,8б,2,Множина_ЛВ,MHAqeou3
198,Семисалов Георгий Иванович,316,9в,3,Семисалов_ГИ,nNm3ssXk
199,Рогалов Альберт Валериевич,327,9б,2,Рогалов_АВ,Bjm6CqD2
200,Черетаева Анастасия Олеговна,341,9б,2,Черетаева_АО,bVPrst7Y
201,Радоминова Любовь Игоревна,25,9и,5,Радоминова_ЛИ,BccWSxp4
202,Шувырина Лиза Андреевна,395,9а,5,Шувырина_ЛА,x1YcNUpc
203,Калиженков Семён Алексеевич,401,11а,4,Калиженков_СА,l79hwtRm
204,Старокашин Константин Петрович,309,10а,3,Старокашин_КП,UxRoccV5
205,Малтоцов Аркадий Яковлевич,218,8а,3,Малтоцов_АЯ,wLMAj0RP
206,Кузеванова Ева Егоровна,116,7д,2,Кузеванова_ЕЕ,Pvyb5nCY
207,Нурулина Алёна Егоровна,284,9х,2,Нурулина_АЕ,TYTj1XGH
208,Лератов Герасим Сергеевич,374,10а,4,Лератов_ГС,6iHfEPOE
209,Людин Руслан Аркадиевич,498,7и,3,Людин_РА,Q5BCTevN
210,Пурин Виктор Данилович,154,8и,5,Пурин_ВД,fy2xXm8N
211,Лютов Виктор Юрьевич,288,11г,2,Лютов_ВЮ,ssAcQDi2
212,Марюшкина Яна Федоровна,345,10д,5,Марюшкина_ЯФ,KA9vgWmz
213,Томилова Кристина Михайловна,492,11б,3,Томилова_КМ,s6TqKcH6
214,Дистерев Валерий Валериевич,24,7г,3,Дистерев_ВВ,zbt4OkTd
215,Дочкин Геннадий Алексиевич,52,11и,5,Дочкин_ГА,DVR6vA9n
216,Иняхин Руслан Сергеевич,234,7и,5,Иняхин_РС,H7gRRAhC
217,Знайкова Раиса Егоровна,148,11х,3,Знайкова_РЕ,QI9J93Ej
218,Кашавцев Аркадий Леонидович,58,7а,4,Кашавцев_АЛ,Nj42hvJf
219,Пятернина Кристина Андреевна,445,7и,2,Пятернина_КА,X0lqlW2Y
220,Гусеева Карина Викторовна,263,9и,2,Гусеева_КВ,Eg4hyBYc
221,Кастева Яна Сергеевна,108,7и,2,Кастева_ЯС,2iVKHWeV
222,Гришанин Тарас Павлович,113,10т,2,Гришанин_ТП,MrFg1dMH
223,Грамоткин Илья Викторович,195,8д,5,Грамоткин_ИВ,T0STspwz
224,Мелисин Геннадий Василиевич,465,10г,2,Мелисин_ГВ,YBl25gTx
225,Цинина Светлана Яковлевна,105,11г,5,Цинина_СЯ,tiv6q6Dz
226,Петов Георгий Адамович,57,9а,2,Петов_ГА,c9gIhdsu
227,Реева Валентина Максимовна,146,11и,5,Реева_ВМ,t3o1KhgQ
228,Слесивых Мария Аркадьевна,35,7и,5,Слесивых_МА,63FcB0hD
229,Афтаева Полина Ивановна,193,10д,5,Афтаева_ПИ,GAcvS2ho
230,Кривицкий Валентин Виталиевич,208,8х,5,Кривицкий_ВВ,n46siMDM
231,Чубатов Константин Леонидович,279,11а,4,Чубатов_КЛ,qjr2Hh1N
232,Партенков Геннадий Павлович,418,8х,3,Партенков_ГП,2vkaOyqH
233,Черушев Григорий Борисович,84,7г,4,Черушев_ГБ,bA6KBaHD
234,Тютекин Георгий Тимофеевич,262,7а,2,Тютекин_ГТ,q4AaIObH
235,Янкевский Вячеслав Адамович,167,11г,4,Янкевский_ВА,E2Jmyi69
236,Сухручкина Клавдия Аркадьевна,177,7в,4,Сухручкина_КА,kI7tYJ7g
237,Конофалова Клара Петровна,95,11д,5,Конофалова_КП,Kg8jKXBD
238,Лигасов Михаил Павлович,491,11г,4,Лигасов_МП,R7nxPTuD
239,Писарьков Альберт Игоревич,313,8в,4,Писарьков_АИ,Bn3AQIU4
240,Варов Кирилл Иванович,28,8а,5,Варов_КИ,4OetPct8
241,Пурынов Евгений Петрович,244,9и,3,Пурынов_ЕП,bSmr6Ff2
242,Супрутская Вероника Викторовна,187,9а,2,Супрутская_ВВ,6iPUiXoP
243,Скроцкая Алина Федоровна,127,8г,3,Скроцкая_АФ,V2wA315j
244,Барадулин Вадим Юрьевич,281,11х,3,Барадулин_ВЮ,KbJbLC8n
245,Точилин Дмитрий Фёдорович,476,8а,2,Точилин_ДФ,IAwYMz8w
246,Бикмуллин Руслан Валериевич,333,11т,2,Бикмуллин_РВ,CnqjnMG2
247,Серпичев Василий Алексиевич,394,10х,5,Серпичев_ВА,54NevaUW
248,Вострышев Яков Аркадиевич,343,8г,5,Вострышев_ЯА,tV2aQ5ls
249,Грушчева София Евгеньевна,480,11в,None,Грушчева_СЕ,GytI8Xe6
250,Кулапов Александр Юрьевич,109,9б,5,Кулапов_АЮ,Tc1FMW3F
251,Чибисенков Владислав Фёдорович,375,8х,3,Чибисенков_ВФ,GhW14Eq4
252,Утилов Роман Василиевич,254,9х,2,Утилов_РВ,t0LalL4N
253,Татаурова Галина Федоровна,145,10т,4,Татаурова_ГФ,4EAxC5UI
254,Визавитина Наталия Леонидовна,101,10г,2,Визавитина_НЛ,OffCPvR6
255,Мягченков Артём Денисович,115,7б,4,Мягченков_АД,rSwl6d1r
256,Брикова Инна Богдановна,256,9б,4,Брикова_ИБ,F1jbnBr1
257,Наторкин Валентин Данилович,319,7и,2,Наторкин_ВД,4RQnDjTd
258,Эштрекова Софья Алексеевна,76,9в,3,Эштрекова_СА,5OL10kVH
259,Кутаманова Кира Андреевна,182,10т,2,Кутаманова_КА,nR4REWOG
260,Кыштымова Евгения Эдуардовна,255,8в,5,Кыштымова_ЕЭ,h0iupcjG
261,Ккнязева Клавдия Дмитриевна,34,7б,5,Ккнязева_КД,k8IS3mtu
262,Глаголина Алиса Никитична,249,9д,2,Глаголина_АН,97jjqUUy
263,Рисина Раиса Валерьевна,451,10а,4,Рисина_РВ,UYK0IcJ9
264,Ребров Алексей Георгиевич,289,8и,3,Ребров_АГ,zL2D0z6z
265,Вырысалова Александра Евгеньевна,39,11и,2,Вырысалова_АЕ,juFL0iiD
266,Гомольский Владимир Юриевич,314,11х,5,Гомольский_ВЮ,5tDSPrvo
267,Швинова Марина Федоровна,271,8г,5,Швинова_МФ,k6mQm8vY
268,Рудковская Инна Дмитриевна,6,7т,3,Рудковская_ИД,sM8SF62P
269,Решеткина Дарья Василевна,408,10и,3,Решеткина_ДВ,18Op5HQp
270,Евстихеев Игорь Василиевич,422,10х,5,Евстихеев_ИВ,23Dd0930
271,Лазарина Алёна Федоровна,161,8б,3,Лазарина_АФ,zOtw8zht
272,Гляченков Григорий Николаевич,431,10а,5,Гляченков_ГН,p5ieHFOs
273,Чардынцева Алина Вадимовна,135,10д,3,Чардынцева_АВ,W4ycF2Hv
274,Скаредов Яков Иванович,337,9т,5,Скаредов_ЯИ,QqscYM76
275,Юрицкий Эдуард Денисович,192,7д,3,Юрицкий_ЭД,9VRla1Hn
276,Кравчина Светлана Аркадьевна,413,11г,5,Кравчина_СА,K4TsvKYE
277,Чмареткова Полина Вадимовна,449,10а,2,Чмареткова_ПВ,rgU8Sjuu
278,Углова Галина Романовна,260,9г,3,Углова_ГР,a9ORGlP3
279,Згуровская Виктория Андреевна,220,9т,4,Згуровская_ВА,jEng1DmK
280,Секерский Станислав Сергеевич,235,10а,4,Секерский_СС,JntCSM73
281,Жевайкин Евгений Адамович,86,11г,3,Жевайкин_ЕА,ngnOGS8t
282,Коточигов Семён Игоревич,26,9д,5,Коточигов_СИ,y7uHDaHH
283,Калонин Альберт Денисович,297,8б,2,Калонин_АД,q1En9NCf
284,Валягин Григорий Антонович,94,10в,4,Валягин_ГА,JX5vbaHa
285,Коцева Кристина Николаевна,412,9г,3,Коцева_КН,aWblCQ3t
286,Голина Кристина Максимовна,3,7х,3,Голина_КМ,eQo40LXC
287,Батрамеев Анатолий Романович,354,9х,3,Батрамеев_АР,KblJF5Hp
288,Чикмарев Валентин Валериевич,306,9и,5,Чикмарев_ВВ,2yYjWVhc
289,Киницына Валерия Олеговна,202,7х,4,Киницына_ВО,AV94rJBs
290,Числин Юрий Денисович,121,7в,2,Числин_ЮД,wmUfyf8m
291,Стебунова Юлия Романовна,358,9т,3,Стебунова_ЮР,0tiFTJwa
292,Кацов Павел Павлович,236,10г,5,Кацов_ПП,rxRo1HWv
293,Гоцев Тарас Викторович,41,8в,3,Гоцев_ТВ,27FqJ9qV
294,Мотовицкий Роман Аркадиевич,31,11и,5,Мотовицкий_РА,QLz56g2t
295,Чурзина Клара Егоровна,308,10б,3,Чурзина_КЕ,A6WvsEJE
296,Щепалкина Валерия Сергеевна,134,9б,4,Щепалкина_ВС,vOWSrJ3h
297,Утимишев Ярослав Игоревич,239,11а,3,Утимишев_ЯИ,RuC85Qb7
298,Алуханов Кирилл Фёдорович,298,7т,2,Алуханов_КФ,0RnbjsUO
299,Полунеев Валентин Валериевич,307,8и,2,Полунеев_ВВ,1rH4hftf
300,Крупенова Наталия Андреевна,209,7в,5,Крупенова_НА,BSMkhD5s
301,Корнюшин Илья Юрьевич,44,10т,3,Корнюшин_ИЮ,48mNsSRe
302,Паушева Виолетта Никитична,310,8г,4,Паушева_ВН,g6C2Ev9O
303,Берзин Герасим Антонович,349,11т,5,Берзин_ГА,kMY4uxIB
304,Шулунова Алла Алексеевна,54,7д,4,Шулунова_АА,47a8WsN6
305,Трепашова София Яковлевна,399,11а,2,Трепашова_СЯ,No64cAdl
306,Чумейкин Константин Антонович,8,8б,5,Чумейкин_КА,HOtBeJI6
307,Польшиков Денис Игоревич,495,9и,2,Польшиков_ДИ,knEU4owL
308,Медоусова Жанна Романовна,252,7б,2,Медоусова_ЖР,38NVt73U
309,Акуратова Клавдия Андреевна,92,9г,5,Акуратова_КА,v71LLy1Q
310,Курмеева Елизавета Валерьевна,486,8а,5,Курмеева_ЕВ,V9N9FxSA
311,Бадов Александр Аркадиевич,217,10г,3,Бадов_АА,AC64GySE
312,Бакушин Эдуард Адамович,265,7б,5,Бакушин_ЭА,Xi3HyIOn
313,Чебина Инна Сергеевна,273,10т,2,Чебина_ИС,N7MWkhLt
314,Подледнова Наталья Ивановна,112,11и,3,Подледнова_НИ,W06U0jlG
315,Садгеева Лиза Евгеньевна,460,11г,3,Садгеева_ЛЕ,qiAG5X9f
316,Акушин Борис Павлович,493,9т,2,Акушин_БП,Xu9dKCAf
317,Аришев Руслан Кириллович,379,10т,3,Аришев_РК,8keuJTdc
318,Гуслова Кристина Олеговна,389,9в,2,Гуслова_КО,7rL9I6EL
319,Глоточкина Оксана Аркадьевна,370,9и,5,Глоточкина_ОА,yt1oUvKO
320,Шапина Маргарита Романовна,163,8б,5,Шапина_МР,kASvOe8I
321,Дурылин Георгий Валериевич,261,11т,4,Дурылин_ГВ,uzCoQV8N
322,Болкисева Анна Викторовна,248,7х,4,Болкисева_АВ,ShegDE1s
323,Багапов Вячеслав Сергеевич,99,7д,4,Багапов_ВС,jEpQr1PO
324,Люцарева Яна Аркадьевна,376,11б,2,Люцарева_ЯА,udc9D1GD
325,Боготынина София Егоровна,63,11б,5,Боготынина_СЕ,iq9PqlB7
326,Саюшкин Игорь Алексиевич,211,11х,5,Саюшкин_ИА,OW4yV4Cd
327,Потешных Тамара Николаевна,468,11в,3,Потешных_ТН,1Hx8q3Fn
328,Незлина Жанна Василевна,426,8б,5,Незлина_ЖВ,x0xHrFzk
329,Федичева Вероника Кирилловна,37,7х,4,Федичева_ВК,F40dVcoJ
330,Пустынкин Вадим Антонович,388,10в,5,Пустынкин_ВА,TJUE0j9V
331,Аринакова Ирина Михайловна,150,8в,5,Аринакова_ИМ,Ol4WlEtw
332,Обиралкова Мария Егоровна,294,11т,5,Обиралкова_МЕ,BijDr6Ya
333,Аристарова Валентина Максимовна,443,11г,2,Аристарова_ВМ,2Fmf8LJa
334,Яуров Герасим Юрьевич,38,9а,5,Яуров_ГЮ,V5bQC7G6
335,Духонькин Вячеслав Фёдорович,2,9в,4,Духонькин_ВФ,2ALefQDJ
336,Гвасков Евгений Михаилович,402,9в,5,Гвасков_ЕМ,pSMFRz2Y
337,Жабынина Галина Николаевна,185,7х,5,Жабынина_ГН,Hp7sbKaO
338,Шерюкова Виолетта Романовна,440,9б,4,Шерюкова_ВР,M0aqJOaW
339,Колокатов Пётр Евгеньевич,484,10в,3,Колокатов_ПЕ,rA54f1kh
340,Шайдуков Андрей Михаилович,317,9и,4,Шайдуков_АМ,KFsQ7K6Q
341,Смирнягина Дарья Игоревна,425,10в,4,Смирнягина_ДИ,ff6CQK8L
342,Штырева Ева Олеговна,258,11и,2,Штырева_ЕО,iFLE709H
343,Ашукин Вячеслав Михаилович,191,10т,4,Ашукин_ВМ,61MfV2e1
344,Рубченкова Галина Алексеевна,190,9в,3,Рубченкова_ГА,fPC7OLXF
345,Зархин Иван Алексиевич,478,11и,5,Зархин_ИА,VAps3ydx
346,Адиотов Дмитрий Павлович,156,7б,3,Адиотов_ДП,Rgr6gxH8
347,Тищенкова Раиса Валерьевна,79,7д,3,Тищенкова_РВ,gUGNb3TT
348,Лозеев Илья Петрович,205,10д,2,Лозеев_ИП,wqkeiS94
349,Кобяшов Герасим Михаилович,305,11т,2,Кобяшов_ГМ,9QP5Sdin
350,Ронова Клавдия Валерьевна,107,7и,4,Ронова_КВ,77GNKMgK
351,Стрижнов Алексей Евгеньевич,385,11г,3,Стрижнов_АЕ,21T4VnId
352,Волынский Алексей Виталиевич,362,11т,5,Волынский_АВ,fjSRI87r
353,Машонский Василий Данилович,23,9д,5,Машонский_ВД,imGtu3fC
354,Буриева Зинаида Аркадьевна,104,11д,4,Буриева_ЗА,DQ3kiz7F
355,Борщина Алёна Ивановна,377,11а,5,Борщина_АИ,5WYckzHp
356,Белчков Олег Иванович,275,10а,4,Белчков_ОИ,bOl3Od8G
357,Остропиков Альберт Данилович,157,8г,2,Остропиков_АД,HH4A6bOK
358,Оргонова Любовь Максимовна,264,7б,4,Оргонова_ЛМ,3CJUfL9N
359,Мальков Юрий Евгеньевич,228,7г,3,Мальков_ЮЕ,Sojk78VC
360,Свльхова Наталья Вадимовна,160,9т,5,Свльхова_НВ,l4FS11Dh
361,Мякушков Герасим Леонидович,102,10т,3,Мякушков_ГЛ,uPuNn7J1
362,Межуев Георгий Юриевич,355,8г,4,Межуев_ГЮ,8qj5Mujh
363,Чериншев Александр Сергеевич,439,8а,2,Чериншев_АС,E0cQjMij
364,Муниров Алексей Андреевич,117,11г,3,Муниров_АА,yRE3Cvv0
365,Климухин Руслан Романович,269,10в,3,Климухин_РР,4eX4wNib
366,Дембская Екатерина Никитична,64,11б,4,Дембская_ЕН,XIyLGi2R
367,Тюнеев Яков Фёдорович,417,10т,2,Тюнеев_ЯФ,qJDUHM6n
368,Трушитин Антон Данилович,168,9х,3,Трушитин_АД,nnyY3uXO
369,Балакишиев Роман Алексиевич,143,11х,5,Балакишиев_РА,H2if9Fbg
370,Немтюрева Валерия Аркадьевна,12,10г,4,Немтюрева_ВА,0PpqBNN7
371,Складанова Клавдия Аркадьевна,257,9а,3,Складанова_КА,CLooATf3
372,Заходина Полина Леонидовна,93,10д,4,Заходина_ПЛ,NY91pOBa
373,Муринов Анатолий Борисович,171,11б,5,Муринов_АБ,9HQye6Dq
374,Гришалова Любовь Евгеньевна,301,8т,3,Гришалова_ЛЕ,yctXY2AH
375,Ситчихин Станислав Георгиевич,247,8т,5,Ситчихин_СГ,28brqQ4A
376,Просяных Георгий Василиевич,366,9в,2,Просяных_ГВ,MbQ2HAc6
377,Дзабиев Григорий Георгиевич,259,11д,5,Дзабиев_ГГ,iBU2tSD9
378,Рыбаулин Григорий Алексеевич,140,11а,5,Рыбаулин_ГА,Xmm8t7L4
379,Тупиева Екатерина Ивановна,400,7д,2,Тупиева_ЕИ,GBQPvt6F
380,Куверчева Алена Ивановна,170,10д,3,Куверчева_АИ,lXQSSU8M
381,Цаблинова Виктория Богдановна,342,9г,4,Цаблинова_ВБ,7bgdG4oD
382,Синенков Григорий Леонидович,230,9в,5,Синенков_ГЛ,jn7xDXmQ
383,Лизункин Артур Олегович,4,11в,5,Лизункин_АО,8efAbeuA
384,Славущева Александра Эдуардовна,81,8а,5,Славущева_АЭ,m75JGeEe
385,Шахвердов Дмитрий Антонович,132,11б,2,Шахвердов_ДА,d0bJuY5D
386,Рапацкая Ольга Ивановна,223,10г,3,Рапацкая_ОИ,4wLP1W2X
387,Сторокожев Виталий Аркадиевич,159,9б,2,Сторокожев_ВА,GslV4Sfx
388,Половодов Кирилл Николаевич,18,8т,5,Половодов_КН,55RdAnVT
389,Халтанова Алена Дмитриевна,49,8б,3,Халтанова_АД,9J4W3pxa
390,Заложнев Роман Фёдорович,448,8в,4,Заложнев_РФ,K0qRN4bL
391,Рыжих Кристина Аркадьевна,213,7а,4,Рыжих_КА,PztCrW8t
392,Буров Руслан Игоревич,405,11и,5,Буров_РИ,s16i6LPn
393,Гачков Виталий Евгеньевич,277,9т,4,Гачков_ВЕ,B3gcoUFe
394,Кадилов Геннадий Борисович,225,10в,3,Кадилов_ГБ,rDRPYKx6
395,Гликина Алёна Эдуардовна,454,9б,3,Гликина_АЭ,xmCYfSG0
396,Ичкинина Любовь Андреевна,299,8г,5,Ичкинина_ЛА,JK7lbRLt
397,Мозшорина Кира Дмитриевна,65,8б,3,Мозшорина_КД,CtP7VIwA
398,Брижеватов Константин Борисович,152,11т,2,Брижеватов_КБ,MWPtaHd8
399,Бучеров Тарас Викторович,429,10д,4,Бучеров_ТВ,2ve216pA
400,Мисютина Валерия Эдуардовна,368,9г,2,Мисютина_ВЭ,nk5qS1HA
401,Льянов Федор Вадимович,328,8а,4,Льянов_ФВ,ftCpAFa1
402,Щуркин Георгий Яковлевич,180,8в,4,Щуркин_ГЯ,J7N4qELf
403,Акулин Федор Адамович,241,10г,4,Акулин_ФА,SqEAfhV1
404,Волженкова Екатерина Ивановна,233,9д,4,Волженкова_ЕИ,vCL9zImN
405,Махометова София Викторовна,424,8и,3,Махометова_СВ,qumuyG1y
406,Зызлов Геннадий Антонович,274,7в,3,Зызлов_ГА,kzDsEa2L
407,Девляшова Кира Олеговна,51,11д,5,Девляшова_КО,2YqEudTJ
408,Яковкина Алена Никитична,320,9т,5,Яковкина_АН,hVdCT0yJ
409,Бузулев Вадим Николаевич,331,10д,3,Бузулев_ВН,cl7OBkxJ
410,Ганельский Юрий Юриевич,474,9д,3,Ганельский_ЮЮ,fEAk4jRi
411,Шкапрова Ева Ивановна,371,7б,5,Шкапрова_ЕИ,b6PbpFxA
412,Чичирин Владимир Георгиевич,11,10а,4,Чичирин_ВГ,u7MwT60l
413,Шилова Надежда Викторовна,124,9б,2,Шилова_НВ,RX09wp4K
414,Коваев Руслан Михаилович,487,9т,3,Коваев_РМ,Ob927wy3
415,Саверина Надежда Андреевна,407,11б,4,Саверина_НА,NBw3Npu7
416,Тишанкин Олег Адамович,334,9д,3,Тишанкин_ОА,4fEAzHxo
417,Широпаев Валерий Сергеевич,406,9б,2,Широпаев_ВС,puCn32CB
418,Щепанин Олег Адамович,226,7а,3,Щепанин_ОА,64c5P28Y
419,Оплетин Владислав Аркадиевич,361,10х,4,Оплетин_ВА,1ekvX9BL
420,Оденова Карина Андреевна,409,8и,4,Оденова_КА,C9Kw84hx
421,Семагин Альберт Андреевич,456,10х,4,Семагин_АА,qz9VitVf
422,Черданцева Анастасия Олеговна,128,8х,3,Черданцева_АО,9L5HHokk
423,Лонцова Елизавета Эдуардовна,224,7х,3,Лонцова_ЕЭ,AHB8eDTj
424,Сарсекеева Алёна Никитична,462,11и,4,Сарсекеева_АН,1g9EuBb1
425,Аковецкий Антон Евгеньевич,500,8б,4,Аковецкий_АЕ,WA6eTC9g
426,Аратский Станислав Борисович,351,9и,2,Аратский_СБ,rSK4nAO5
427,Чужриков Пётр Денисович,200,9в,3,Чужриков_ПД,Lx6UcqTP
428,Никитшин Алексей Кириллович,111,11и,3,Никитшин_АК,2H4vxKRG
429,Симендяев Василий Алексиевич,45,8д,4,Симендяев_ВА,ksPMD6zJ
430,Ошитков Максим Сергеевич,151,10г,4,Ошитков_МС,WeVLvh6Y
431,Юрасов Евгений Романович,338,9и,3,Юрасов_ЕР,C4zMWmrh
432,Головяшин Павел Юриевич,179,7г,5,Головяшин_ПЮ,gq8hRp9l
433,Манжурина Екатерина Сергеевна,219,7т,3,Манжурина_ЕС,tCyk4ySS
434,Никурашин Олег Евгеньевич,291,11х,2,Никурашин_ОЕ,8SiUam1H
435,Бехтерев Федор Вадимович,137,9х,3,Бехтерев_ФВ,k2UOXSpW
436,Годлевская Катерина Дмитриевна,403,11г,3,Годлевская_КД,tvfp0KQD
437,Акиярова Алина Эдуардовна,9,11а,4,Акиярова_АЭ,8L0nSAur
438,Милина Алена Петровна,359,8г,3,Милина_АП,iG1xNKlh
439,Воловин Борис Викторович,350,7т,2,Воловин_БВ,hrarjsX1
440,Туморина Ксения Федоровна,133,8б,5,Туморина_КФ,2J2vXweP
441,Желейков Вячеслав Яковлевич,199,8г,3,Желейков_ВЯ,eF6EGjUg
442,Шишорнина Екатерина Алексеевна,183,8т,3,Шишорнина_ЕА,x483R94L
443,Юумогулова Виолетта Игоревна,311,10х,3,Юумогулова_ВИ,J81D7sTL
444,Рецков Денис Денисович,85,10д,2,Рецков_ДД,8vDiQCfV
445,Химунина Елизавета Ивановна,392,7д,2,Химунина_ЕИ,wa3gjfGJ
446,Кобрянов Александр Алексиевич,455,7т,2,Кобрянов_АА,gJik5TbO
447,Бирылов Тарас Данилович,243,11а,3,Бирылов_ТД,krQJFj1k
448,Туфатулин Ярослав Леонидович,485,8х,4,Туфатулин_ЯЛ,JtUr2v1G
449,Долбишев Николай Аркадиевич,292,10б,5,Долбишев_НА,UWjmJ96J
450,Махтумова Алёна Эдуардовна,186,10б,4,Махтумова_АЭ,NarwYe1m
451,Нарзаркин Алексей Романович,423,10т,2,Нарзаркин_АР,6RN4Qga1
452,Куранина Алена Леонидовна,196,9б,4,Куранина_АЛ,71VmveQg
453,Ситюков Аркадий Евгеньевич,32,10в,3,Ситюков_АЕ,nAnUKp4L
454,Мизюрова Алиса Никитична,176,7г,4,Мизюрова_АН,jFo0YNJw
455,Пандурова Алиса Дмитриевна,130,9б,2,Пандурова_АД,V3IMKUyH
456,Жилейкин Борис Тимофеевич,91,7в,2,Жилейкин_БТ,9zUOB5sC
457,Корпункова Виолетта Сергеевна,83,11а,3,Корпункова_ВС,40yY1zXs
458,Пашохонова Анастасия Федоровна,467,9в,4,Пашохонова_АФ,wEvfs2Yp
459,Сузальцева Тамара Михайловна,357,8х,4,Сузальцева_ТМ,pgBzm72l
460,Чиличкина Светлана Яковлевна,5,8в,5,Чиличкина_СЯ,Jo89hrtq
461,Шантыкова Карина Максимовна,198,10д,3,Шантыкова_КМ,7XWQtjPh
462,Недосекин Владислав Яковлевич,457,10а,4,Недосекин_ВЯ,g6dGU3rH
463,Максимкин Федор Фёдорович,172,10г,2,Максимкин_ФФ,brGSiX44
464,Матбиюшина Виктория Игоревна,237,8д,2,Матбиюшина_ВИ,CT0NRfSL
465,Шишкунов Герасим Юрьевич,110,8т,4,Шишкунов_ГЮ,jbim75D6
466,Сухинин Георгий Алексиевич,475,10х,4,Сухинин_ГА,2KQ6QdTA
467,Бисеева Полина Романовна,48,7д,5,Бисеева_ПР,5p6elwpO
468,Жукулов Михаил Денисович,60,11г,3,Жукулов_МД,F5S7uYbE
469,Тоняев Герасим Петрович,378,9т,5,Тоняев_ГП,41SzLiLi
470,Шушенкова Алёна Олеговна,36,7и,2,Шушенкова_АО,8Iurfcl0
471,Разроев Дмитрий Павлович,59,9а,2,Разроев_ДП,Bx7CyQK9
472,Баззаев Анатолий Данилович,339,9д,2,Баззаев_АД,2zGpfI8f
473,Цекова Алла Олеговна,50,8д,2,Цекова_АО,fE9KeHql
474,Аборонова Алиса Алексеевна,444,7г,5,Аборонова_АА,4yF7KWGG
475,Ягловская Ева Олеговна,181,8в,4,Ягловская_ЕО,Ec5amqLE
476,Шароварова Яна Романовна,175,8а,4,Шароварова_ЯР,xxs0r2vK
477,Общев Яков Викторович,466,8а,4,Общев_ЯВ,gA9QLkf0
478,Ойзерская Катерина Эдуардовна,120,7х,2,Ойзерская_КЭ,J2RBeRXw
479,Прусский Ярослав Иванович,479,11б,2,Прусский_ЯИ,rRrl1kwJ
480,Лабинов Павел Алексеевич,272,7б,5,Лабинов_ПА,yi3P0msX
481,Покровов Эдуард Павлович,312,8б,2,Покровов_ЭП,Qg8IpBLk
482,Мачехин Эдуард Данилович,19,7д,3,Мачехин_ЭД,84IvBG4L
483,Кодорская Раиса Ивановна,27,11б,3,Кодорская_РИ,AWxB1hyP
484,Кондраева Марина Ивановна,469,9д,3,Кондраева_МИ,dxCIpr8P
485,Бульенков Валентин Иванович,136,10т,4,Бульенков_ВИ,ValtA59U
486,Тагакова Вероника Яковлевна,393,8т,4,Тагакова_ВЯ,WcpA7tnO
487,Гершанова Любовь Евгеньевна,383,11т,5,Гершанова_ЛЕ,tUxobX05
488,Салина Алена Егоровна,73,11в,5,Салина_АЕ,VHhJOp9b
489,Фрумова Зинаида Аркадьевна,78,8а,4,Фрумова_ЗА,T4oDPEvk
490,Хорняков Борис Борисович,13,8г,2,Хорняков_ББ,vmN6BrE3
491,Гдагазина Лиза Василевна,212,9т,5,Гдагазина_ЛВ,HVd3xf56
492,Агаршев Ярослав Михаилович,276,9т,2,Агаршев_ЯМ,tvTy0WGC
493,Корюшин Пётр Антонович,326,8х,2,Корюшин_ПА,Sd7bkWlf
494,Калаев Пётр Алексиевич,68,8а,3,Калаев_ПА,UAgMw4zp
495,Ккаталкина Виолетта Егоровна,53,7б,2,Ккаталкина_ВЕ,GlhY2aTp
496,Рачнов Герасим Алексеевич,103,10а,5,Рачнов_ГА,uzN0SshL
497,Миндубаева Людмила Леонидовна,477,11и,2,Миндубаева_ЛЛ,IgIRqd5h
498,Агафьева Вера Ивановна,352,11х,3,Агафьева_ВИ,3jMDL4xv
499,Житин Эдуард Адамович,481,9а,5,Житин_ЭА,o2LMKUVa
